data,maxima,minima,abertura,fechamento,variacao
2021-12-01,20.75,17.5,19.000999450683594,18.25,-0.03952420779932054
