data,maxima,minima,abertura,fechamento,variacao
2021-03-01,15.206000328063965,13.696000099182129,14.402000427246094,14.5,0.006804580603157601
