data,maxima,minima,abertura,fechamento,variacao
2021-01-01,33.439998626708984,27.860000610351562,31.6299991607666,28.34000015258789,-0.10401514686916523
