data,maxima,minima,abertura,fechamento,variacao
2021-01-01,31.760000228881836,26.530000686645508,28.34000015258789,26.690000534057617,-0.058221581144896443
