data,maxima,minima,abertura,fechamento,variacao
2020-12-01,2.799999952316284,1.5833330154418945,1.6749999523162842,2.5016660690307617,0.49353202402860796
