data,maxima,minima,abertura,fechamento,variacao
2021-01-01,69,59.619998931884766,68.30000305175781,65.69999694824219,-0.03806743758920973
