data,maxima,minima,abertura,fechamento_adj,variacao
2021-12-01,20.75,17.5,19.000999450683594,17.953243255615234,-0.05514216227350423
