data,maxima,minima,abertura,fechamento_adj,variacao
2020-12-01,2.799999952316284,1.5833330154418945,1.6749999523162842,2.4988651275634766,0.49185982011993806
